Post #,Title,State,Caption,Blog URL,Status
1,Facing Foreclosure in Maryland? Your Options to Sell Fast and Protect Your Credit,MD,"Facing Foreclosure in Maryland? You have options.

Don't wait — the sooner you act, the more choices you have.

#RealEstate #MD #Foreclosure #CashBuyer",https://www.parlevugloballlc.com/blog-foreclosure-md.html,published
2,Facing Foreclosure in Virginia? Your Options to Sell Fast and Protect Your Credit,VA,"Facing Foreclosure in Virginia? You have options.

Don't wait — the sooner you act, the more choices you have.

#RealEstate #VA #Foreclosure #CashBuyer",https://www.parlevugloballlc.com/blog-foreclosure-va.html,published
3,Facing Foreclosure in Washington DC? Your Options to Sell Fast and Protect Your Credit,DC,"Facing Foreclosure in Washington DC? You have options.

Don't wait — the sooner you act, the more choices you have.

#RealEstate #DC #Foreclosure #CashBuyer",https://www.parlevugloballlc.com/blog-foreclosure-dc.html,generated
4,"Selling an Inherited House in Maryland: Probate Rules, Taxes, and Your Fastest Options",MD,"Inherited a property? We can help. Sell fast. No probate delays.

#RealEstate #MD #Inheritance #CashBuyer",https://www.parlevugloballlc.com/blog-inherited-probate-md.html,generated
5,"Selling an Inherited House in Virginia: Probate Rules, Taxes, and Your Fastest Options",VA,"Inherited a property? We can help. Sell fast. No probate delays.

#RealEstate #VA #Inheritance #CashBuyer",https://www.parlevugloballlc.com/blog-inherited-probate-va.html,generated
6,"Selling an Inherited House in Washington DC: Probate Rules, Taxes, and Your Fastest Options",DC,"Inherited a property? We can help. Sell fast. No probate delays.

#RealEstate #DC #Inheritance #CashBuyer",https://www.parlevugloballlc.com/blog-inherited-probate-dc.html,generated
7,Selling a House During Divorce in Maryland: A Clear Path Forward,MD,"Learn the truth about selling your Maryland home. Real guidance. No fluff.

#RealEstate #MD #CashBuyer",https://www.parlevugloballlc.com/blog-divorce-md.html,generated
8,Selling a House During Divorce in Virginia: A Clear Path Forward,VA,"Learn the truth about selling your Virginia home. Real guidance. No fluff.

#RealEstate #VA #CashBuyer",https://www.parlevugloballlc.com/blog-divorce-va.html,generated
9,Selling a House During Divorce in Washington DC: A Clear Path Forward,DC,"Learn the truth about selling your Washington DC home. Real guidance. No fluff.

#RealEstate #DC #CashBuyer",https://www.parlevugloballlc.com/blog-divorce-dc.html,generated
10,Can You Sell a House With Liens or Code Violations in Maryland? Yes — Here's How,MD,"Learn the truth about selling your Maryland home. Real guidance. No fluff.

#RealEstate #MD #CashBuyer",https://www.parlevugloballlc.com/blog-liens-violations-md.html,generated
11,Can You Sell a House With Liens or Code Violations in Virginia? Yes — Here's How,VA,"Learn the truth about selling your Virginia home. Real guidance. No fluff.

#RealEstate #VA #CashBuyer",https://www.parlevugloballlc.com/blog-liens-violations-va.html,generated
12,Can You Sell a House With Liens or Code Violations in Washington DC? Yes — Here's How,DC,"Learn the truth about selling your Washington DC home. Real guidance. No fluff.

#RealEstate #DC #CashBuyer",https://www.parlevugloballlc.com/blog-liens-violations-dc.html,generated
13,Selling a Fire-Damaged House in Maryland: What Insurance Won't Tell You,MD,"Learn the truth about selling your Maryland home. Real guidance. No fluff.

#RealEstate #MD #CashBuyer",https://www.parlevugloballlc.com/blog-fire-damage-md.html,generated
14,Selling a Fire-Damaged House in Virginia: What Insurance Won't Tell You,VA,"Learn the truth about selling your Virginia home. Real guidance. No fluff.

#RealEstate #VA #CashBuyer",https://www.parlevugloballlc.com/blog-fire-damage-va.html,generated
15,Selling a Fire-Damaged House in Washington DC: What Insurance Won't Tell You,DC,"Learn the truth about selling your Washington DC home. Real guidance. No fluff.

#RealEstate #DC #CashBuyer",https://www.parlevugloballlc.com/blog-fire-damage-dc.html,generated
16,Selling a House With Water Damage or Mold in Maryland,MD,"Learn the truth about selling your Maryland home. Real guidance. No fluff.

#RealEstate #MD #CashBuyer",https://www.parlevugloballlc.com/blog-water-mold-md.html,generated
17,Selling a House With Water Damage or Mold in Virginia,VA,"Learn the truth about selling your Virginia home. Real guidance. No fluff.

#RealEstate #VA #CashBuyer",https://www.parlevugloballlc.com/blog-water-mold-va.html,generated
18,Selling a House With Water Damage or Mold in Washington DC,DC,"Learn the truth about selling your Washington DC home. Real guidance. No fluff.

#RealEstate #DC #CashBuyer",https://www.parlevugloballlc.com/blog-water-mold-dc.html,generated
19,How to Sell a House With Foundation Problems in Maryland,MD,"Learn the truth about selling your Maryland home. Real guidance. No fluff.

#RealEstate #MD #CashBuyer",https://www.parlevugloballlc.com/blog-foundation-md.html,generated
20,How to Sell a House With Foundation Problems in Virginia,VA,"Learn the truth about selling your Virginia home. Real guidance. No fluff.

#RealEstate #VA #CashBuyer",https://www.parlevugloballlc.com/blog-foundation-va.html,generated
21,How to Sell a House With Foundation Problems in Washington DC,DC,"Learn the truth about selling your Washington DC home. Real guidance. No fluff.

#RealEstate #DC #CashBuyer",https://www.parlevugloballlc.com/blog-foundation-dc.html,generated
22,Selling a Hoarder House in Maryland: No Cleanout Required,MD,"Learn the truth about selling your Maryland home. Real guidance. No fluff.

#RealEstate #MD #CashBuyer",https://www.parlevugloballlc.com/blog-hoarder-house-md.html,generated
23,Selling a Hoarder House in Virginia: No Cleanout Required,VA,"Learn the truth about selling your Virginia home. Real guidance. No fluff.

#RealEstate #VA #CashBuyer",https://www.parlevugloballlc.com/blog-hoarder-house-va.html,generated
24,Selling a Hoarder House in Washington DC: No Cleanout Required,DC,"Learn the truth about selling your Washington DC home. Real guidance. No fluff.

#RealEstate #DC #CashBuyer",https://www.parlevugloballlc.com/blog-hoarder-house-dc.html,generated
25,"Selling a Rental Property With Tenants in Maryland: Rights, Rules, and Cash Options",MD,"Learn the truth about selling your Maryland home. Real guidance. No fluff.

#RealEstate #MD #CashBuyer",https://www.parlevugloballlc.com/blog-bad-tenants-md.html,generated
26,"Selling a Rental Property With Tenants in Virginia: Rights, Rules, and Cash Options",VA,"Learn the truth about selling your Virginia home. Real guidance. No fluff.

#RealEstate #VA #CashBuyer",https://www.parlevugloballlc.com/blog-bad-tenants-va.html,generated
27,"Selling a Rental Property With Tenants in Washington DC: Rights, Rules, and Cash Options",DC,"Learn the truth about selling your Washington DC home. Real guidance. No fluff.

#RealEstate #DC #CashBuyer",https://www.parlevugloballlc.com/blog-bad-tenants-dc.html,generated
28,Selling a Vacant or Abandoned House in Maryland Before It Costs You More,MD,"Learn the truth about selling your Maryland home. Real guidance. No fluff.

#RealEstate #MD #CashBuyer",https://www.parlevugloballlc.com/blog-vacant-house-md.html,generated
29,Selling a Vacant or Abandoned House in Virginia Before It Costs You More,VA,"Learn the truth about selling your Virginia home. Real guidance. No fluff.

#RealEstate #VA #CashBuyer",https://www.parlevugloballlc.com/blog-vacant-house-va.html,generated
30,Selling a Vacant or Abandoned House in Washington DC Before It Costs You More,DC,"Learn the truth about selling your Washington DC home. Real guidance. No fluff.

#RealEstate #DC #CashBuyer",https://www.parlevugloballlc.com/blog-vacant-house-dc.html,generated
31,Owe More Than Your Maryland Home Is Worth? How to Sell an Underwater House,MD,"Learn the truth about selling your Maryland home. Real guidance. No fluff.

#RealEstate #MD #CashBuyer",https://www.parlevugloballlc.com/blog-underwater-mortgage-md.html,generated
32,Owe More Than Your Virginia Home Is Worth? How to Sell an Underwater House,VA,"Learn the truth about selling your Virginia home. Real guidance. No fluff.

#RealEstate #VA #CashBuyer",https://www.parlevugloballlc.com/blog-underwater-mortgage-va.html,generated
33,Owe More Than Your Washington DC Home Is Worth? How to Sell an Underwater House,DC,"Learn the truth about selling your Washington DC home. Real guidance. No fluff.

#RealEstate #DC #CashBuyer",https://www.parlevugloballlc.com/blog-underwater-mortgage-dc.html,generated
34,Relocating From Maryland? How to Sell Your House Fast Before the Move,MD,"Learn the truth about selling your Maryland home. Real guidance. No fluff.

#RealEstate #MD #CashBuyer",https://www.parlevugloballlc.com/blog-relocation-md.html,generated
35,Relocating From Virginia? How to Sell Your House Fast Before the Move,VA,"Learn the truth about selling your Virginia home. Real guidance. No fluff.

#RealEstate #VA #CashBuyer",https://www.parlevugloballlc.com/blog-relocation-va.html,generated
36,Relocating From Washington DC? How to Sell Your House Fast Before the Move,DC,"Learn the truth about selling your Washington DC home. Real guidance. No fluff.

#RealEstate #DC #CashBuyer",https://www.parlevugloballlc.com/blog-relocation-dc.html,generated
37,Downsizing in Maryland: A Retiree's Guide to Selling Without the Stress,MD,"Learn the truth about selling your Maryland home. Real guidance. No fluff.

#RealEstate #MD #CashBuyer",https://www.parlevugloballlc.com/blog-downsizing-md.html,generated
38,Downsizing in Virginia: A Retiree's Guide to Selling Without the Stress,VA,"Learn the truth about selling your Virginia home. Real guidance. No fluff.

#RealEstate #VA #CashBuyer",https://www.parlevugloballlc.com/blog-downsizing-va.html,generated
39,Downsizing in Washington DC: A Retiree's Guide to Selling Without the Stress,DC,"Learn the truth about selling your Washington DC home. Real guidance. No fluff.

#RealEstate #DC #CashBuyer",https://www.parlevugloballlc.com/blog-downsizing-dc.html,generated
40,Sell My House Fast in Baltimore: How Cash Buyers Help Baltimore Homeowners,MD,"Sell your Baltimore home for cash in 7 days. No agent. No repairs. No commission.

Fair offer. Fast closing. Zero hassle.

#Baltimore #RealEstate #CashBuyer",https://www.parlevugloballlc.com/blog-sell-my-house-fast-baltimore.html,generated
41,Sell My House Fast in Alexandria: How Cash Buyers Help Alexandria Homeowners,VA,"Sell your Alexandria home for cash in 7 days. No agent. No repairs. No commission.

Fair offer. Fast closing. Zero hassle.

#Alexandria #RealEstate #CashBuyer",https://www.parlevugloballlc.com/blog-sell-my-house-fast-alexandria.html,generated
42,Sell My House Fast in Anacostia: How Cash Buyers Help DC Homeowners,DC,"Sell your Anacostia home for cash in 7 days. No agent. No repairs. No commission.

Fair offer. Fast closing. Zero hassle.

#Anacostia #RealEstate #CashBuyer",https://www.parlevugloballlc.com/blog-sell-my-house-fast-anacostia.html,generated
43,Sell My House Fast in Columbia: How Cash Buyers Help Columbia Homeowners,MD,"Sell your Columbia home for cash in 7 days. No agent. No repairs. No commission.

Fair offer. Fast closing. Zero hassle.

#Columbia #RealEstate #CashBuyer",https://www.parlevugloballlc.com/blog-sell-my-house-fast-columbia.html,generated
44,Sell My House Fast in Arlington: How Cash Buyers Help Arlington Homeowners,VA,"Sell your Arlington home for cash in 7 days. No agent. No repairs. No commission.

Fair offer. Fast closing. Zero hassle.

#Arlington #RealEstate #CashBuyer",https://www.parlevugloballlc.com/blog-sell-my-house-fast-arlington.html,generated
45,Sell My House Fast in Petworth: How Cash Buyers Help DC Homeowners,DC,"Sell your Petworth home for cash in 7 days. No agent. No repairs. No commission.

Fair offer. Fast closing. Zero hassle.

#Petworth #RealEstate #CashBuyer",https://www.parlevugloballlc.com/blog-sell-my-house-fast-petworth.html,generated
46,Sell My House Fast in Silver Spring: How Cash Buyers Help Silver Spring Homeowners,MD,"Sell your Silver Spring home for cash in 7 days. No agent. No repairs. No commission.

Fair offer. Fast closing. Zero hassle.

#Silver Spring #RealEstate #CashBuyer",https://www.parlevugloballlc.com/blog-sell-my-house-fast-silver-spring.html,generated
47,Sell My House Fast in Fairfax: How Cash Buyers Help Fairfax Homeowners,VA,"Sell your Fairfax home for cash in 7 days. No agent. No repairs. No commission.

Fair offer. Fast closing. Zero hassle.

#Fairfax #RealEstate #CashBuyer",https://www.parlevugloballlc.com/blog-sell-my-house-fast-fairfax.html,generated
48,Sell My House Fast in Brookland: How Cash Buyers Help DC Homeowners,DC,"Sell your Brookland home for cash in 7 days. No agent. No repairs. No commission.

Fair offer. Fast closing. Zero hassle.

#Brookland #RealEstate #CashBuyer",https://www.parlevugloballlc.com/blog-sell-my-house-fast-brookland.html,generated
49,Sell My House Fast in Rockville: How Cash Buyers Help Rockville Homeowners,MD,"Sell your Rockville home for cash in 7 days. No agent. No repairs. No commission.

Fair offer. Fast closing. Zero hassle.

#Rockville #RealEstate #CashBuyer",https://www.parlevugloballlc.com/blog-sell-my-house-fast-rockville.html,generated
50,Sell My House Fast in Woodbridge: How Cash Buyers Help Woodbridge Homeowners,VA,"Sell your Woodbridge home for cash in 7 days. No agent. No repairs. No commission.

Fair offer. Fast closing. Zero hassle.

#Woodbridge #RealEstate #CashBuyer",https://www.parlevugloballlc.com/blog-sell-my-house-fast-woodbridge.html,generated
51,Sell My House Fast in Columbia Heights: How Cash Buyers Help DC Homeowners,DC,"Sell your Columbia Heights home for cash in 7 days. No agent. No repairs. No commission.

Fair offer. Fast closing. Zero hassle.

#Columbia Heights #RealEstate #CashBuyer",https://www.parlevugloballlc.com/blog-sell-my-house-fast-columbia-heights.html,generated
52,Sell My House Fast in Frederick: How Cash Buyers Help Frederick Homeowners,MD,"Sell your Frederick home for cash in 7 days. No agent. No repairs. No commission.

Fair offer. Fast closing. Zero hassle.

#Frederick #RealEstate #CashBuyer",https://www.parlevugloballlc.com/blog-sell-my-house-fast-frederick.html,generated
53,Sell My House Fast in Manassas: How Cash Buyers Help Manassas Homeowners,VA,"Sell your Manassas home for cash in 7 days. No agent. No repairs. No commission.

Fair offer. Fast closing. Zero hassle.

#Manassas #RealEstate #CashBuyer",https://www.parlevugloballlc.com/blog-sell-my-house-fast-manassas.html,generated
54,Sell My House Fast in Deanwood: How Cash Buyers Help DC Homeowners,DC,"Sell your Deanwood home for cash in 7 days. No agent. No repairs. No commission.

Fair offer. Fast closing. Zero hassle.

#Deanwood #RealEstate #CashBuyer",https://www.parlevugloballlc.com/blog-sell-my-house-fast-deanwood.html,generated
55,Sell My House Fast in Annapolis: How Cash Buyers Help Annapolis Homeowners,MD,"Sell your Annapolis home for cash in 7 days. No agent. No repairs. No commission.

Fair offer. Fast closing. Zero hassle.

#Annapolis #RealEstate #CashBuyer",https://www.parlevugloballlc.com/blog-sell-my-house-fast-annapolis.html,generated
56,Sell My House Fast in Fredericksburg: How Cash Buyers Help Fredericksburg Homeowners,VA,"Sell your Fredericksburg home for cash in 7 days. No agent. No repairs. No commission.

Fair offer. Fast closing. Zero hassle.

#Fredericksburg #RealEstate #CashBuyer",https://www.parlevugloballlc.com/blog-sell-my-house-fast-fredericksburg.html,generated
57,Sell My House Fast in Congress Heights: How Cash Buyers Help DC Homeowners,DC,"Sell your Congress Heights home for cash in 7 days. No agent. No repairs. No commission.

Fair offer. Fast closing. Zero hassle.

#Congress Heights #RealEstate #CashBuyer",https://www.parlevugloballlc.com/blog-sell-my-house-fast-congress-heights.html,generated
58,Sell My House Fast in Bowie: How Cash Buyers Help Bowie Homeowners,MD,"Sell your Bowie home for cash in 7 days. No agent. No repairs. No commission.

Fair offer. Fast closing. Zero hassle.

#Bowie #RealEstate #CashBuyer",https://www.parlevugloballlc.com/blog-sell-my-house-fast-bowie.html,generated
59,Sell My House Fast in Richmond: How Cash Buyers Help Richmond Homeowners,VA,"Sell your Richmond home for cash in 7 days. No agent. No repairs. No commission.

Fair offer. Fast closing. Zero hassle.

#Richmond #RealEstate #CashBuyer",https://www.parlevugloballlc.com/blog-sell-my-house-fast-richmond.html,generated
60,Sell My House Fast in Fort Totten: How Cash Buyers Help DC Homeowners,DC,"Sell your Fort Totten home for cash in 7 days. No agent. No repairs. No commission.

Fair offer. Fast closing. Zero hassle.

#Fort Totten #RealEstate #CashBuyer",https://www.parlevugloballlc.com/blog-sell-my-house-fast-fort-totten.html,generated
61,Sell My House Fast in Glen Burnie: How Cash Buyers Help Glen Burnie Homeowners,MD,"Sell your Glen Burnie home for cash in 7 days. No agent. No repairs. No commission.

Fair offer. Fast closing. Zero hassle.

#Glen Burnie #RealEstate #CashBuyer",https://www.parlevugloballlc.com/blog-sell-my-house-fast-glen-burnie.html,generated
62,Sell My House Fast in Norfolk: How Cash Buyers Help Norfolk Homeowners,VA,"Sell your Norfolk home for cash in 7 days. No agent. No repairs. No commission.

Fair offer. Fast closing. Zero hassle.

#Norfolk #RealEstate #CashBuyer",https://www.parlevugloballlc.com/blog-sell-my-house-fast-norfolk.html,generated
63,Sell My House Fast in Shaw: How Cash Buyers Help DC Homeowners,DC,"Sell your Shaw home for cash in 7 days. No agent. No repairs. No commission.

Fair offer. Fast closing. Zero hassle.

#Shaw #RealEstate #CashBuyer",https://www.parlevugloballlc.com/blog-sell-my-house-fast-shaw.html,generated
64,Sell My House Fast in Dundalk: How Cash Buyers Help Dundalk Homeowners,MD,"Sell your Dundalk home for cash in 7 days. No agent. No repairs. No commission.

Fair offer. Fast closing. Zero hassle.

#Dundalk #RealEstate #CashBuyer",https://www.parlevugloballlc.com/blog-sell-my-house-fast-dundalk.html,generated
65,Sell My House Fast in Virginia Beach: How Cash Buyers Help Virginia Beach Homeowners,VA,"Sell your Virginia Beach home for cash in 7 days. No agent. No repairs. No commission.

Fair offer. Fast closing. Zero hassle.

#Virginia Beach #RealEstate #CashBuyer",https://www.parlevugloballlc.com/blog-sell-my-house-fast-virginia-beach.html,generated
66,Sell My House Fast in Trinidad: How Cash Buyers Help DC Homeowners,DC,"Sell your Trinidad home for cash in 7 days. No agent. No repairs. No commission.

Fair offer. Fast closing. Zero hassle.

#Trinidad #RealEstate #CashBuyer",https://www.parlevugloballlc.com/blog-sell-my-house-fast-trinidad.html,generated
67,Sell My House Fast in Towson: How Cash Buyers Help Towson Homeowners,MD,"Sell your Towson home for cash in 7 days. No agent. No repairs. No commission.

Fair offer. Fast closing. Zero hassle.

#Towson #RealEstate #CashBuyer",https://www.parlevugloballlc.com/blog-sell-my-house-fast-towson.html,generated
68,Sell My House Fast in Chesapeake: How Cash Buyers Help Chesapeake Homeowners,VA,"Sell your Chesapeake home for cash in 7 days. No agent. No repairs. No commission.

Fair offer. Fast closing. Zero hassle.

#Chesapeake #RealEstate #CashBuyer",https://www.parlevugloballlc.com/blog-sell-my-house-fast-chesapeake.html,generated
69,Sell My House Fast in Capitol Hill: How Cash Buyers Help DC Homeowners,DC,"Sell your Capitol Hill home for cash in 7 days. No agent. No repairs. No commission.

Fair offer. Fast closing. Zero hassle.

#Capitol Hill #RealEstate #CashBuyer",https://www.parlevugloballlc.com/blog-sell-my-house-fast-capitol-hill.html,generated
70,Sell My House Fast in Upper Marlboro: How Cash Buyers Help Upper Marlboro Homeowners,MD,"Sell your Upper Marlboro home for cash in 7 days. No agent. No repairs. No commission.

Fair offer. Fast closing. Zero hassle.

#Upper Marlboro #RealEstate #CashBuyer",https://www.parlevugloballlc.com/blog-sell-my-house-fast-upper-marlboro.html,generated
71,Sell My House Fast in Hampton: How Cash Buyers Help Hampton Homeowners,VA,"Sell your Hampton home for cash in 7 days. No agent. No repairs. No commission.

Fair offer. Fast closing. Zero hassle.

#Hampton #RealEstate #CashBuyer",https://www.parlevugloballlc.com/blog-sell-my-house-fast-hampton.html,generated
72,Sell My House Fast in Ivy City: How Cash Buyers Help DC Homeowners,DC,"Sell your Ivy City home for cash in 7 days. No agent. No repairs. No commission.

Fair offer. Fast closing. Zero hassle.

#Ivy City #RealEstate #CashBuyer",https://www.parlevugloballlc.com/blog-sell-my-house-fast-ivy-city.html,generated
73,Sell My House Fast in Waldorf: How Cash Buyers Help Waldorf Homeowners,MD,"Sell your Waldorf home for cash in 7 days. No agent. No repairs. No commission.

Fair offer. Fast closing. Zero hassle.

#Waldorf #RealEstate #CashBuyer",https://www.parlevugloballlc.com/blog-sell-my-house-fast-waldorf.html,generated
294,For Sale By Owner in Maryland: The Complete 2026 Guide,MD,"📚 NEW GUIDE Thinking of selling your home yourself? For Sale By Owner in Maryland: The Complete 2026 Guide — honest answers, real Maryland/Virginia/DC numbers, no fluff. Read it free: https://www.parlevugloballlc.com/blog-fsbo-maryland-complete-guide.html #FSBO #ForSaleByOwner #MarylandRealEstate #BaltimoreHomes #SellYourHouse #DMVRealEstate",https://www.parlevugloballlc.com/blog-fsbo-maryland-complete-guide.html,Scheduled 2026-07-29
295,How Does For Sale By Owner Work in Maryland?,MD,"💡 FSBO sellers: this one's for you. How Does For Sale By Owner Work in Maryland? — honest answers, real Maryland/Virginia/DC numbers, no fluff. Read it free: https://www.parlevugloballlc.com/blog-fsbo-how-does-fsbo-work-maryland.html #FSBO #ForSaleByOwner #MarylandRealEstate #BaltimoreHomes #SellYourHouse #DMVRealEstate",https://www.parlevugloballlc.com/blog-fsbo-how-does-fsbo-work-maryland.html,Scheduled 2026-07-30
296,Is Selling FSBO Worth It in Maryland? The Honest Math,VA,"💡 Selling by owner in the DMV? Is Selling FSBO Worth It in Maryland? The Honest Math — honest answers, real Maryland/Virginia/DC numbers, no fluff. Read it free: https://www.parlevugloballlc.com/blog-fsbo-is-fsbo-worth-it-maryland.html #FSBO #ForSaleByOwner #MarylandRealEstate #BaltimoreHomes #SellYourHouse #DMVRealEstate",https://www.parlevugloballlc.com/blog-fsbo-is-fsbo-worth-it-maryland.html,Scheduled 2026-07-31
297,7 FSBO Mistakes Maryland Sellers Make (And How to Avoid Them),DC,"💡 No agent? No problem — if you know the rules. 7 FSBO Mistakes Maryland Sellers Make (And How to Avoid Them) — honest answers, real Maryland/Virginia/DC numbers, no fluff. Read it free: https://www.parlevugloballlc.com/blog-fsbo-mistakes-maryland.html #FSBO #ForSaleByOwner #MarylandRealEstate #BaltimoreHomes #SellYourHouse #DMVRealEstate",https://www.parlevugloballlc.com/blog-fsbo-mistakes-maryland.html,Scheduled 2026-08-01
298,Selling Your Baltimore Home By Owner: What's Different in the City,MD,"💡 Before you plant that FSBO sign, read this. Selling Your Baltimore Home By Owner: What's Different in the City — honest answers, real Maryland/Virginia/DC numbers, no fluff. Read it free: https://www.parlevugloballlc.com/blog-fsbo-baltimore-guide.html #FSBO #ForSaleByOwner #MarylandRealEstate #BaltimoreHomes #SellYourHouse #DMVRealEstate",https://www.parlevugloballlc.com/blog-fsbo-baltimore-guide.html,Scheduled 2026-08-02
299,What Must You Disclose When Selling By Owner in Maryland?,MD,"💡 Thinking of selling your home yourself? What Must You Disclose When Selling By Owner in Maryland? — honest answers, real Maryland/Virginia/DC numbers, no fluff. Read it free: https://www.parlevugloballlc.com/blog-fsbo-disclosure-maryland.html #FSBO #ForSaleByOwner #MarylandRealEstate #BaltimoreHomes #SellYourHouse #DMVRealEstate",https://www.parlevugloballlc.com/blog-fsbo-disclosure-maryland.html,Scheduled 2026-08-03
300,Do You Need a Real Estate Attorney to Sell FSBO in Maryland?,VA,"💡 FSBO sellers: this one's for you. Do You Need a Real Estate Attorney to Sell FSBO in Maryland? — honest answers, real Maryland/Virginia/DC numbers, no fluff. Read it free: https://www.parlevugloballlc.com/blog-fsbo-attorney-maryland.html #FSBO #ForSaleByOwner #MarylandRealEstate #BaltimoreHomes #SellYourHouse #DMVRealEstate",https://www.parlevugloballlc.com/blog-fsbo-attorney-maryland.html,Scheduled 2026-08-04
301,FSBO and the Home Inspection: What Maryland Sellers Should Expect,DC,"💡 Selling by owner in the DMV? FSBO and the Home Inspection: What Maryland Sellers Should Expect — honest answers, real Maryland/Virginia/DC numbers, no fluff. Read it free: https://www.parlevugloballlc.com/blog-fsbo-inspection-maryland.html #FSBO #ForSaleByOwner #MarylandRealEstate #BaltimoreHomes #SellYourHouse #DMVRealEstate",https://www.parlevugloballlc.com/blog-fsbo-inspection-maryland.html,Scheduled 2026-08-05
302,Showing Your FSBO Home Safely: A Practical Checklist,MD,"💡 No agent? No problem — if you know the rules. Showing Your FSBO Home Safely: A Practical Checklist — honest answers, real Maryland/Virginia/DC numbers, no fluff. Read it free: https://www.parlevugloballlc.com/blog-fsbo-safety-showings.html #FSBO #ForSaleByOwner #MarylandRealEstate #BaltimoreHomes #SellYourHouse #DMVRealEstate",https://www.parlevugloballlc.com/blog-fsbo-safety-showings.html,Scheduled 2026-08-06
303,"How to Sell a House Without a Realtor in Maryland, Virginia & DC",MD,"📚 NEW GUIDE Before you plant that FSBO sign, read this. How to Sell a House Without a Realtor in Maryland, Virginia & DC — honest answers, real Maryland/Virginia/DC numbers, no fluff. Read it free: https://www.parlevugloballlc.com/blog-fsbo-sell-house-without-realtor-md-va-dc.html #FSBO #ForSaleByOwner #MarylandRealEstate #BaltimoreHomes #SellYourHouse #DMVRealEstate",https://www.parlevugloballlc.com/blog-fsbo-sell-house-without-realtor-md-va-dc.html,Scheduled 2026-08-07
304,Can I Sell My House Without a Realtor in Maryland?,VA,"💡 Thinking of selling your home yourself? Can I Sell My House Without a Realtor in Maryland? — honest answers, real Maryland/Virginia/DC numbers, no fluff. Read it free: https://www.parlevugloballlc.com/blog-fsbo-can-i-sell-without-realtor-maryland.html #FSBO #ForSaleByOwner #MarylandRealEstate #BaltimoreHomes #SellYourHouse #DMVRealEstate",https://www.parlevugloballlc.com/blog-fsbo-can-i-sell-without-realtor-maryland.html,Scheduled 2026-08-08
305,Can I Sell My House Without a Realtor in Virginia?,DC,"💡 FSBO sellers: this one's for you. Can I Sell My House Without a Realtor in Virginia? — honest answers, real Maryland/Virginia/DC numbers, no fluff. Read it free: https://www.parlevugloballlc.com/blog-fsbo-can-i-sell-without-realtor-virginia.html #FSBO #ForSaleByOwner #MarylandRealEstate #BaltimoreHomes #SellYourHouse #DMVRealEstate",https://www.parlevugloballlc.com/blog-fsbo-can-i-sell-without-realtor-virginia.html,Scheduled 2026-08-09
306,Can I Sell My House Without a Realtor in Washington DC?,MD,"💡 Selling by owner in the DMV? Can I Sell My House Without a Realtor in Washington DC? — honest answers, real Maryland/Virginia/DC numbers, no fluff. Read it free: https://www.parlevugloballlc.com/blog-fsbo-can-i-sell-without-realtor-dc.html #FSBO #ForSaleByOwner #MarylandRealEstate #BaltimoreHomes #SellYourHouse #DMVRealEstate",https://www.parlevugloballlc.com/blog-fsbo-can-i-sell-without-realtor-dc.html,Scheduled 2026-08-10
307,How Much Do You Really Save Selling Without a Realtor?,MD,"💡 No agent? No problem — if you know the rules. How Much Do You Really Save Selling Without a Realtor? — honest answers, real Maryland/Virginia/DC numbers, no fluff. Read it free: https://www.parlevugloballlc.com/blog-fsbo-sell-without-realtor-save-money.html #FSBO #ForSaleByOwner #MarylandRealEstate #BaltimoreHomes #SellYourHouse #DMVRealEstate",https://www.parlevugloballlc.com/blog-fsbo-sell-without-realtor-save-money.html,Scheduled 2026-08-11
308,The Paperwork You Handle Yourself When There's No Agent,VA,"💡 Before you plant that FSBO sign, read this. The Paperwork You Handle Yourself When There's No Agent — honest answers, real Maryland/Virginia/DC numbers, no fluff. Read it free: https://www.parlevugloballlc.com/blog-fsbo-sell-without-realtor-paperwork.html #FSBO #ForSaleByOwner #MarylandRealEstate #BaltimoreHomes #SellYourHouse #DMVRealEstate",https://www.parlevugloballlc.com/blog-fsbo-sell-without-realtor-paperwork.html,Scheduled 2026-08-12
309,"Selling Directly to a Cash Buyer: No Realtor, No Listing",DC,"💡 Thinking of selling your home yourself? Selling Directly to a Cash Buyer: No Realtor, No Listing — honest answers, real Maryland/Virginia/DC numbers, no fluff. Read it free: https://www.parlevugloballlc.com/blog-fsbo-sell-without-realtor-to-cash-buyer.html #FSBO #ForSaleByOwner #MarylandRealEstate #BaltimoreHomes #SellYourHouse #DMVRealEstate",https://www.parlevugloballlc.com/blog-fsbo-sell-without-realtor-to-cash-buyer.html,Scheduled 2026-08-13
310,Negotiating a Home Sale Yourself: Scripts That Work,MD,"💡 FSBO sellers: this one's for you. Negotiating a Home Sale Yourself: Scripts That Work — honest answers, real Maryland/Virginia/DC numbers, no fluff. Read it free: https://www.parlevugloballlc.com/blog-fsbo-sell-without-realtor-negotiation.html #FSBO #ForSaleByOwner #MarylandRealEstate #BaltimoreHomes #SellYourHouse #DMVRealEstate",https://www.parlevugloballlc.com/blog-fsbo-sell-without-realtor-negotiation.html,Scheduled 2026-08-14
311,The Real Risks of Selling Without an Agent (and How to Manage Them),MD,"💡 Selling by owner in the DMV? The Real Risks of Selling Without an Agent (and How to Manage Them) — honest answers, real Maryland/Virginia/DC numbers, no fluff. Read it free: https://www.parlevugloballlc.com/blog-fsbo-sell-without-realtor-risks.html #FSBO #ForSaleByOwner #MarylandRealEstate #BaltimoreHomes #SellYourHouse #DMVRealEstate",https://www.parlevugloballlc.com/blog-fsbo-sell-without-realtor-risks.html,Scheduled 2026-08-15
312,"FSBO Paperwork & Contracts: Every Form You Need in MD, VA & DC",MD,"📚 NEW GUIDE No agent? No problem — if you know the rules. FSBO Paperwork & Contracts: Every Form You Need in MD, VA & DC — honest answers, real Maryland/Virginia/DC numbers, no fluff. Read it free: https://www.parlevugloballlc.com/blog-fsbo-paperwork-contracts-guide.html #FSBO #ForSaleByOwner #MarylandRealEstate #BaltimoreHomes #SellYourHouse #DMVRealEstate",https://www.parlevugloballlc.com/blog-fsbo-paperwork-contracts-guide.html,Scheduled 2026-08-16
313,Who Draws Up the Contract in a For Sale By Owner Deal?,DC,"💡 Before you plant that FSBO sign, read this. Who Draws Up the Contract in a For Sale By Owner Deal? — honest answers, real Maryland/Virginia/DC numbers, no fluff. Read it free: https://www.parlevugloballlc.com/blog-fsbo-who-draws-up-contract-fsbo.html #FSBO #ForSaleByOwner #MarylandRealEstate #BaltimoreHomes #SellYourHouse #DMVRealEstate",https://www.parlevugloballlc.com/blog-fsbo-who-draws-up-contract-fsbo.html,Scheduled 2026-08-17
314,The Maryland FSBO Contract: Clauses You Can't Skip,MD,"💡 Thinking of selling your home yourself? The Maryland FSBO Contract: Clauses You Can't Skip — honest answers, real Maryland/Virginia/DC numbers, no fluff. Read it free: https://www.parlevugloballlc.com/blog-fsbo-contract-maryland.html #FSBO #ForSaleByOwner #MarylandRealEstate #BaltimoreHomes #SellYourHouse #DMVRealEstate",https://www.parlevugloballlc.com/blog-fsbo-contract-maryland.html,Scheduled 2026-08-18
315,How the Deed Gets Transferred in an FSBO Sale,MD,"💡 FSBO sellers: this one's for you. How the Deed Gets Transferred in an FSBO Sale — honest answers, real Maryland/Virginia/DC numbers, no fluff. Read it free: https://www.parlevugloballlc.com/blog-fsbo-deed-transfer.html #FSBO #ForSaleByOwner #MarylandRealEstate #BaltimoreHomes #SellYourHouse #DMVRealEstate",https://www.parlevugloballlc.com/blog-fsbo-deed-transfer.html,Scheduled 2026-08-19
316,Who Holds Escrow in an FSBO Sale?,VA,"💡 Selling by owner in the DMV? Who Holds Escrow in an FSBO Sale? — honest answers, real Maryland/Virginia/DC numbers, no fluff. Read it free: https://www.parlevugloballlc.com/blog-fsbo-escrow-explained.html #FSBO #ForSaleByOwner #MarylandRealEstate #BaltimoreHomes #SellYourHouse #DMVRealEstate",https://www.parlevugloballlc.com/blog-fsbo-escrow-explained.html,Scheduled 2026-08-20
317,Do FSBO Sellers Need a Title Company? (Yes — Here's Why),DC,"💡 No agent? No problem — if you know the rules. Do FSBO Sellers Need a Title Company? (Yes — Here's Why) — honest answers, real Maryland/Virginia/DC numbers, no fluff. Read it free: https://www.parlevugloballlc.com/blog-fsbo-title-company.html #FSBO #ForSaleByOwner #MarylandRealEstate #BaltimoreHomes #SellYourHouse #DMVRealEstate",https://www.parlevugloballlc.com/blog-fsbo-title-company.html,Scheduled 2026-08-21
318,Lead Paint Disclosure Rules for Pre-1978 Homes in the DMV,MD,"💡 Before you plant that FSBO sign, read this. Lead Paint Disclosure Rules for Pre-1978 Homes in the DMV — honest answers, real Maryland/Virginia/DC numbers, no fluff. Read it free: https://www.parlevugloballlc.com/blog-fsbo-lead-paint-disclosure.html #FSBO #ForSaleByOwner #MarylandRealEstate #BaltimoreHomes #SellYourHouse #DMVRealEstate",https://www.parlevugloballlc.com/blog-fsbo-lead-paint-disclosure.html,Scheduled 2026-08-22
319,Understanding Contingencies in Your FSBO Contract,MD,"💡 Thinking of selling your home yourself? Understanding Contingencies in Your FSBO Contract — honest answers, real Maryland/Virginia/DC numbers, no fluff. Read it free: https://www.parlevugloballlc.com/blog-fsbo-contingencies.html #FSBO #ForSaleByOwner #MarylandRealEstate #BaltimoreHomes #SellYourHouse #DMVRealEstate",https://www.parlevugloballlc.com/blog-fsbo-contingencies.html,Scheduled 2026-08-23
320,5 Paperwork Mistakes That Kill FSBO Closings,VA,"💡 FSBO sellers: this one's for you. 5 Paperwork Mistakes That Kill FSBO Closings — honest answers, real Maryland/Virginia/DC numbers, no fluff. Read it free: https://www.parlevugloballlc.com/blog-fsbo-paperwork-mistakes.html #FSBO #ForSaleByOwner #MarylandRealEstate #BaltimoreHomes #SellYourHouse #DMVRealEstate",https://www.parlevugloballlc.com/blog-fsbo-paperwork-mistakes.html,Scheduled 2026-08-24
321,"FSBO Closing Costs in Maryland, Virginia & DC: Who Pays What",MD,"📚 NEW GUIDE Selling by owner in the DMV? FSBO Closing Costs in Maryland, Virginia & DC: Who Pays What — honest answers, real Maryland/Virginia/DC numbers, no fluff. Read it free: https://www.parlevugloballlc.com/blog-fsbo-closing-costs-guide.html #FSBO #ForSaleByOwner #MarylandRealEstate #BaltimoreHomes #SellYourHouse #DMVRealEstate",https://www.parlevugloballlc.com/blog-fsbo-closing-costs-guide.html,Scheduled 2026-08-25
322,Who Pays Closing Costs When Selling a House By Owner?,MD,"💡 No agent? No problem — if you know the rules. Who Pays Closing Costs When Selling a House By Owner? — honest answers, real Maryland/Virginia/DC numbers, no fluff. Read it free: https://www.parlevugloballlc.com/blog-fsbo-who-pays-closing-costs-fsbo.html #FSBO #ForSaleByOwner #MarylandRealEstate #BaltimoreHomes #SellYourHouse #DMVRealEstate",https://www.parlevugloballlc.com/blog-fsbo-who-pays-closing-costs-fsbo.html,Scheduled 2026-08-26
323,Maryland Transfer & Recordation Taxes in an FSBO Sale,MD,"💡 Before you plant that FSBO sign, read this. Maryland Transfer & Recordation Taxes in an FSBO Sale — honest answers, real Maryland/Virginia/DC numbers, no fluff. Read it free: https://www.parlevugloballlc.com/blog-fsbo-maryland-transfer-tax-fsbo.html #FSBO #ForSaleByOwner #MarylandRealEstate #BaltimoreHomes #SellYourHouse #DMVRealEstate",https://www.parlevugloballlc.com/blog-fsbo-maryland-transfer-tax-fsbo.html,Scheduled 2026-08-27
324,DC's Transfer Taxes Are High — Here's How FSBO Sellers Plan for Them,VA,"💡 Thinking of selling your home yourself? DC's Transfer Taxes Are High — Here's How FSBO Sellers Plan for Them — honest answers, real Maryland/Virginia/DC numbers, no fluff. Read it free: https://www.parlevugloballlc.com/blog-fsbo-dc-transfer-tax-fsbo.html #FSBO #ForSaleByOwner #MarylandRealEstate #BaltimoreHomes #SellYourHouse #DMVRealEstate",https://www.parlevugloballlc.com/blog-fsbo-dc-transfer-tax-fsbo.html,Scheduled 2026-08-28
325,Do You Have to Pay the Buyer's Agent in an FSBO Sale?,DC,"💡 FSBO sellers: this one's for you. Do You Have to Pay the Buyer's Agent in an FSBO Sale? — honest answers, real Maryland/Virginia/DC numbers, no fluff. Read it free: https://www.parlevugloballlc.com/blog-fsbo-buyer-agent-commission.html #FSBO #ForSaleByOwner #MarylandRealEstate #BaltimoreHomes #SellYourHouse #DMVRealEstate",https://www.parlevugloballlc.com/blog-fsbo-buyer-agent-commission.html,Scheduled 2026-08-29
326,How Cash Sales Cut Closing Costs to Nearly Zero,MD,"💡 Selling by owner in the DMV? How Cash Sales Cut Closing Costs to Nearly Zero — honest answers, real Maryland/Virginia/DC numbers, no fluff. Read it free: https://www.parlevugloballlc.com/blog-fsbo-no-closing-costs-cash.html #FSBO #ForSaleByOwner #MarylandRealEstate #BaltimoreHomes #SellYourHouse #DMVRealEstate",https://www.parlevugloballlc.com/blog-fsbo-no-closing-costs-cash.html,Scheduled 2026-08-30
327,"Property Tax Prorations at an FSBO Closing, Explained Simply",MD,"💡 No agent? No problem — if you know the rules. Property Tax Prorations at an FSBO Closing, Explained Simply — honest answers, real Maryland/Virginia/DC numbers, no fluff. Read it free: https://www.parlevugloballlc.com/blog-fsbo-property-tax-proration.html #FSBO #ForSaleByOwner #MarylandRealEstate #BaltimoreHomes #SellYourHouse #DMVRealEstate",https://www.parlevugloballlc.com/blog-fsbo-property-tax-proration.html,Scheduled 2026-08-31
328,Will You Owe Capital Gains Tax After Your FSBO Sale?,VA,"💡 Before you plant that FSBO sign, read this. Will You Owe Capital Gains Tax After Your FSBO Sale? — honest answers, real Maryland/Virginia/DC numbers, no fluff. Read it free: https://www.parlevugloballlc.com/blog-fsbo-capital-gains.html #FSBO #ForSaleByOwner #MarylandRealEstate #BaltimoreHomes #SellYourHouse #DMVRealEstate",https://www.parlevugloballlc.com/blog-fsbo-capital-gains.html,Scheduled 2026-09-01
329,What Actually Happens on FSBO Closing Day,DC,"💡 Thinking of selling your home yourself? What Actually Happens on FSBO Closing Day — honest answers, real Maryland/Virginia/DC numbers, no fluff. Read it free: https://www.parlevugloballlc.com/blog-fsbo-closing-day.html #FSBO #ForSaleByOwner #MarylandRealEstate #BaltimoreHomes #SellYourHouse #DMVRealEstate",https://www.parlevugloballlc.com/blog-fsbo-closing-day.html,Scheduled 2026-09-02
330,Flat Fee MLS in Maryland: How FSBO Sellers Get on the MLS,MD,"📚 NEW GUIDE FSBO sellers: this one's for you. Flat Fee MLS in Maryland: How FSBO Sellers Get on the MLS — honest answers, real Maryland/Virginia/DC numbers, no fluff. Read it free: https://www.parlevugloballlc.com/blog-fsbo-flat-fee-mls-maryland-guide.html #FSBO #ForSaleByOwner #MarylandRealEstate #BaltimoreHomes #SellYourHouse #DMVRealEstate",https://www.parlevugloballlc.com/blog-fsbo-flat-fee-mls-maryland-guide.html,Scheduled 2026-09-03
331,Do For Sale By Owner Homes Go on the MLS?,MD,"💡 Selling by owner in the DMV? Do For Sale By Owner Homes Go on the MLS? — honest answers, real Maryland/Virginia/DC numbers, no fluff. Read it free: https://www.parlevugloballlc.com/blog-fsbo-do-fsbo-homes-go-on-mls.html #FSBO #ForSaleByOwner #MarylandRealEstate #BaltimoreHomes #SellYourHouse #DMVRealEstate",https://www.parlevugloballlc.com/blog-fsbo-do-fsbo-homes-go-on-mls.html,Scheduled 2026-09-04
332,How to List on the MLS Without an Agent,VA,"💡 No agent? No problem — if you know the rules. How to List on the MLS Without an Agent — honest answers, real Maryland/Virginia/DC numbers, no fluff. Read it free: https://www.parlevugloballlc.com/blog-fsbo-how-to-list-on-mls-by-owner.html #FSBO #ForSaleByOwner #MarylandRealEstate #BaltimoreHomes #SellYourHouse #DMVRealEstate",https://www.parlevugloballlc.com/blog-fsbo-how-to-list-on-mls-by-owner.html,Scheduled 2026-09-05
333,Is Flat Fee MLS Worth It? Costs vs. Exposure,DC,"💡 Before you plant that FSBO sign, read this. Is Flat Fee MLS Worth It? Costs vs. Exposure — honest answers, real Maryland/Virginia/DC numbers, no fluff. Read it free: https://www.parlevugloballlc.com/blog-fsbo-flat-fee-mls-worth-it.html #FSBO #ForSaleByOwner #MarylandRealEstate #BaltimoreHomes #SellYourHouse #DMVRealEstate",https://www.parlevugloballlc.com/blog-fsbo-flat-fee-mls-worth-it.html,Scheduled 2026-09-06
334,Where to List Your Home For Sale By Owner for Free,MD,"💡 Thinking of selling your home yourself? Where to List Your Home For Sale By Owner for Free — honest answers, real Maryland/Virginia/DC numbers, no fluff. Read it free: https://www.parlevugloballlc.com/blog-fsbo-where-list-fsbo-free.html #FSBO #ForSaleByOwner #MarylandRealEstate #BaltimoreHomes #SellYourHouse #DMVRealEstate",https://www.parlevugloballlc.com/blog-fsbo-where-list-fsbo-free.html,Scheduled 2026-09-07
335,Listing Your FSBO Home on Zillow: Step-by-Step,MD,"💡 FSBO sellers: this one's for you. Listing Your FSBO Home on Zillow: Step-by-Step — honest answers, real Maryland/Virginia/DC numbers, no fluff. Read it free: https://www.parlevugloballlc.com/blog-fsbo-zillow-listing.html #FSBO #ForSaleByOwner #MarylandRealEstate #BaltimoreHomes #SellYourHouse #DMVRealEstate",https://www.parlevugloballlc.com/blog-fsbo-zillow-listing.html,Scheduled 2026-09-08
336,FSBO Listing Photos: What Buyers Click On,VA,"💡 Selling by owner in the DMV? FSBO Listing Photos: What Buyers Click On — honest answers, real Maryland/Virginia/DC numbers, no fluff. Read it free: https://www.parlevugloballlc.com/blog-fsbo-photos-that-sell.html #FSBO #ForSaleByOwner #MarylandRealEstate #BaltimoreHomes #SellYourHouse #DMVRealEstate",https://www.parlevugloballlc.com/blog-fsbo-photos-that-sell.html,Scheduled 2026-09-09
337,Writing a Listing Description That Actually Rings Your Phone,DC,"💡 No agent? No problem — if you know the rules. Writing a Listing Description That Actually Rings Your Phone — honest answers, real Maryland/Virginia/DC numbers, no fluff. Read it free: https://www.parlevugloballlc.com/blog-fsbo-listing-description.html #FSBO #ForSaleByOwner #MarylandRealEstate #BaltimoreHomes #SellYourHouse #DMVRealEstate",https://www.parlevugloballlc.com/blog-fsbo-listing-description.html,Scheduled 2026-09-10
338,MLS Exposure vs. a Direct Cash Offer: Which Fits Your Timeline?,MD,"💡 Before you plant that FSBO sign, read this. MLS Exposure vs. a Direct Cash Offer: Which Fits Your Timeline? — honest answers, real Maryland/Virginia/DC numbers, no fluff. Read it free: https://www.parlevugloballlc.com/blog-fsbo-mls-vs-cash-offer.html #FSBO #ForSaleByOwner #MarylandRealEstate #BaltimoreHomes #SellYourHouse #DMVRealEstate",https://www.parlevugloballlc.com/blog-fsbo-mls-vs-cash-offer.html,Scheduled 2026-09-11
339,"Selling a House As-Is By Owner: Any Condition, Any Situation",MD,"📚 NEW GUIDE Thinking of selling your home yourself? Selling a House As-Is By Owner: Any Condition, Any Situation — honest answers, real Maryland/Virginia/DC numbers, no fluff. Read it free: https://www.parlevugloballlc.com/blog-fsbo-sell-house-as-is-by-owner-guide.html #FSBO #ForSaleByOwner #MarylandRealEstate #BaltimoreHomes #SellYourHouse #DMVRealEstate",https://www.parlevugloballlc.com/blog-fsbo-sell-house-as-is-by-owner-guide.html,Scheduled 2026-09-12
340,Can You Sell a House As-Is Without Making Repairs?,VA,"💡 FSBO sellers: this one's for you. Can You Sell a House As-Is Without Making Repairs? — honest answers, real Maryland/Virginia/DC numbers, no fluff. Read it free: https://www.parlevugloballlc.com/blog-fsbo-sell-as-is-no-repairs.html #FSBO #ForSaleByOwner #MarylandRealEstate #BaltimoreHomes #SellYourHouse #DMVRealEstate",https://www.parlevugloballlc.com/blog-fsbo-sell-as-is-no-repairs.html,Scheduled 2026-09-13
341,As-Is Sales in Maryland: What 'As-Is' Legally Means,DC,"💡 Selling by owner in the DMV? As-Is Sales in Maryland: What 'As-Is' Legally Means — honest answers, real Maryland/Virginia/DC numbers, no fluff. Read it free: https://www.parlevugloballlc.com/blog-fsbo-sell-as-is-maryland-rules.html #FSBO #ForSaleByOwner #MarylandRealEstate #BaltimoreHomes #SellYourHouse #DMVRealEstate",https://www.parlevugloballlc.com/blog-fsbo-sell-as-is-maryland-rules.html,Scheduled 2026-09-14
342,Selling a Fixer-Upper By Owner: Pricing Honest Condition,MD,"💡 No agent? No problem — if you know the rules. Selling a Fixer-Upper By Owner: Pricing Honest Condition — honest answers, real Maryland/Virginia/DC numbers, no fluff. Read it free: https://www.parlevugloballlc.com/blog-fsbo-fixer-upper.html #FSBO #ForSaleByOwner #MarylandRealEstate #BaltimoreHomes #SellYourHouse #DMVRealEstate",https://www.parlevugloballlc.com/blog-fsbo-fixer-upper.html,Scheduled 2026-09-15
343,Inherited a House Full of Stuff? Selling As-Is By Owner,MD,"💡 Before you plant that FSBO sign, read this. Inherited a House Full of Stuff? Selling As-Is By Owner — honest answers, real Maryland/Virginia/DC numbers, no fluff. Read it free: https://www.parlevugloballlc.com/blog-fsbo-inherited-house-as-is.html #FSBO #ForSaleByOwner #MarylandRealEstate #BaltimoreHomes #SellYourHouse #DMVRealEstate",https://www.parlevugloballlc.com/blog-fsbo-inherited-house-as-is.html,Scheduled 2026-09-16
344,"Selling a Damaged Home By Owner: Fire, Water & Mold",VA,"💡 Thinking of selling your home yourself? Selling a Damaged Home By Owner: Fire, Water & Mold — honest answers, real Maryland/Virginia/DC numbers, no fluff. Read it free: https://www.parlevugloballlc.com/blog-fsbo-fire-water-damage.html #FSBO #ForSaleByOwner #MarylandRealEstate #BaltimoreHomes #SellYourHouse #DMVRealEstate",https://www.parlevugloballlc.com/blog-fsbo-fire-water-damage.html,Scheduled 2026-09-17
345,Selling a House With Code Violations By Owner,DC,"💡 FSBO sellers: this one's for you. Selling a House With Code Violations By Owner — honest answers, real Maryland/Virginia/DC numbers, no fluff. Read it free: https://www.parlevugloballlc.com/blog-fsbo-code-violations.html #FSBO #ForSaleByOwner #MarylandRealEstate #BaltimoreHomes #SellYourHouse #DMVRealEstate",https://www.parlevugloballlc.com/blog-fsbo-code-violations.html,Scheduled 2026-09-18
346,Selling a Tenant-Occupied Property By Owner in the DMV,MD,"💡 Selling by owner in the DMV? Selling a Tenant-Occupied Property By Owner in the DMV — honest answers, real Maryland/Virginia/DC numbers, no fluff. Read it free: https://www.parlevugloballlc.com/blog-fsbo-tenant-occupied.html #FSBO #ForSaleByOwner #MarylandRealEstate #BaltimoreHomes #SellYourHouse #DMVRealEstate",https://www.parlevugloballlc.com/blog-fsbo-tenant-occupied.html,Scheduled 2026-09-19
347,Why As-Is Sellers Often Skip the Listing and Take Cash,MD,"💡 No agent? No problem — if you know the rules. Why As-Is Sellers Often Skip the Listing and Take Cash — honest answers, real Maryland/Virginia/DC numbers, no fluff. Read it free: https://www.parlevugloballlc.com/blog-fsbo-as-is-cash-buyers.html #FSBO #ForSaleByOwner #MarylandRealEstate #BaltimoreHomes #SellYourHouse #DMVRealEstate",https://www.parlevugloballlc.com/blog-fsbo-as-is-cash-buyers.html,Scheduled 2026-09-20
348,"How to Price Your FSBO Home: CMA, Appraisals & Strategy",MD,"📚 NEW GUIDE Before you plant that FSBO sign, read this. How to Price Your FSBO Home: CMA, Appraisals & Strategy — honest answers, real Maryland/Virginia/DC numbers, no fluff. Read it free: https://www.parlevugloballlc.com/blog-fsbo-pricing-guide.html #FSBO #ForSaleByOwner #MarylandRealEstate #BaltimoreHomes #SellYourHouse #DMVRealEstate",https://www.parlevugloballlc.com/blog-fsbo-pricing-guide.html,Scheduled 2026-09-21
349,How to Run Your Own Comparative Market Analysis (CMA),DC,"💡 Thinking of selling your home yourself? How to Run Your Own Comparative Market Analysis (CMA) — honest answers, real Maryland/Virginia/DC numbers, no fluff. Read it free: https://www.parlevugloballlc.com/blog-fsbo-cma-yourself.html #FSBO #ForSaleByOwner #MarylandRealEstate #BaltimoreHomes #SellYourHouse #DMVRealEstate",https://www.parlevugloballlc.com/blog-fsbo-cma-yourself.html,Scheduled 2026-09-22
350,Should You Get an Appraisal Before Selling By Owner?,MD,"💡 FSBO sellers: this one's for you. Should You Get an Appraisal Before Selling By Owner? — honest answers, real Maryland/Virginia/DC numbers, no fluff. Read it free: https://www.parlevugloballlc.com/blog-fsbo-appraisal-before-listing.html #FSBO #ForSaleByOwner #MarylandRealEstate #BaltimoreHomes #SellYourHouse #DMVRealEstate",https://www.parlevugloballlc.com/blog-fsbo-appraisal-before-listing.html,Scheduled 2026-09-23
351,The Overpricing Trap: Why FSBO Homes Sit 55 Days,MD,"💡 Selling by owner in the DMV? The Overpricing Trap: Why FSBO Homes Sit 55 Days — honest answers, real Maryland/Virginia/DC numbers, no fluff. Read it free: https://www.parlevugloballlc.com/blog-fsbo-overpricing-trap.html #FSBO #ForSaleByOwner #MarylandRealEstate #BaltimoreHomes #SellYourHouse #DMVRealEstate",https://www.parlevugloballlc.com/blog-fsbo-overpricing-trap.html,Scheduled 2026-09-24
352,When (and How Much) to Reduce Your FSBO Price,VA,"💡 No agent? No problem — if you know the rules. When (and How Much) to Reduce Your FSBO Price — honest answers, real Maryland/Virginia/DC numbers, no fluff. Read it free: https://www.parlevugloballlc.com/blog-fsbo-price-reduce-when.html #FSBO #ForSaleByOwner #MarylandRealEstate #BaltimoreHomes #SellYourHouse #DMVRealEstate",https://www.parlevugloballlc.com/blog-fsbo-price-reduce-when.html,Scheduled 2026-09-25
353,Is the Zestimate Accurate? What Maryland Data Shows,DC,"💡 Before you plant that FSBO sign, read this. Is the Zestimate Accurate? What Maryland Data Shows — honest answers, real Maryland/Virginia/DC numbers, no fluff. Read it free: https://www.parlevugloballlc.com/blog-fsbo-zestimate-accuracy.html #FSBO #ForSaleByOwner #MarylandRealEstate #BaltimoreHomes #SellYourHouse #DMVRealEstate",https://www.parlevugloballlc.com/blog-fsbo-zestimate-accuracy.html,Scheduled 2026-09-26
354,Pricing a Baltimore Rowhome: Block-by-Block Reality,MD,"💡 Thinking of selling your home yourself? Pricing a Baltimore Rowhome: Block-by-Block Reality — honest answers, real Maryland/Virginia/DC numbers, no fluff. Read it free: https://www.parlevugloballlc.com/blog-fsbo-pricing-baltimore.html #FSBO #ForSaleByOwner #MarylandRealEstate #BaltimoreHomes #SellYourHouse #DMVRealEstate",https://www.parlevugloballlc.com/blog-fsbo-pricing-baltimore.html,Scheduled 2026-09-27
355,Seller Concessions: When Giving a Little Wins the Deal,MD,"💡 FSBO sellers: this one's for you. Seller Concessions: When Giving a Little Wins the Deal — honest answers, real Maryland/Virginia/DC numbers, no fluff. Read it free: https://www.parlevugloballlc.com/blog-fsbo-seller-concessions.html #FSBO #ForSaleByOwner #MarylandRealEstate #BaltimoreHomes #SellYourHouse #DMVRealEstate",https://www.parlevugloballlc.com/blog-fsbo-seller-concessions.html,Scheduled 2026-09-28
356,"Cash Offer Math: Comparing Net Proceeds, Not Sticker Price",VA,"💡 Selling by owner in the DMV? Cash Offer Math: Comparing Net Proceeds, Not Sticker Price — honest answers, real Maryland/Virginia/DC numbers, no fluff. Read it free: https://www.parlevugloballlc.com/blog-fsbo-cash-offer-math.html #FSBO #ForSaleByOwner #MarylandRealEstate #BaltimoreHomes #SellYourHouse #DMVRealEstate",https://www.parlevugloballlc.com/blog-fsbo-cash-offer-math.html,Scheduled 2026-09-29
357,FSBO Marketing That Works: Free & Low-Cost Ways to Find Your Buyer,MD,"📚 NEW GUIDE No agent? No problem — if you know the rules. FSBO Marketing That Works: Free & Low-Cost Ways to Find Your Buyer — honest answers, real Maryland/Virginia/DC numbers, no fluff. Read it free: https://www.parlevugloballlc.com/blog-fsbo-marketing-guide.html #FSBO #ForSaleByOwner #MarylandRealEstate #BaltimoreHomes #SellYourHouse #DMVRealEstate",https://www.parlevugloballlc.com/blog-fsbo-marketing-guide.html,Scheduled 2026-09-30
358,Selling Your House on Facebook Marketplace: A Real Playbook,MD,"💡 Before you plant that FSBO sign, read this. Selling Your House on Facebook Marketplace: A Real Playbook — honest answers, real Maryland/Virginia/DC numbers, no fluff. Read it free: https://www.parlevugloballlc.com/blog-fsbo-facebook-marketplace.html #FSBO #ForSaleByOwner #MarylandRealEstate #BaltimoreHomes #SellYourHouse #DMVRealEstate",https://www.parlevugloballlc.com/blog-fsbo-facebook-marketplace.html,Scheduled 2026-10-01
359,"Yard Signs Still Work: Placement, Wording, Phone Volume",MD,"💡 Thinking of selling your home yourself? Yard Signs Still Work: Placement, Wording, Phone Volume — honest answers, real Maryland/Virginia/DC numbers, no fluff. Read it free: https://www.parlevugloballlc.com/blog-fsbo-yard-sign-tips.html #FSBO #ForSaleByOwner #MarylandRealEstate #BaltimoreHomes #SellYourHouse #DMVRealEstate",https://www.parlevugloballlc.com/blog-fsbo-yard-sign-tips.html,Scheduled 2026-10-02
360,Running an FSBO Open House That Produces Offers,VA,"💡 FSBO sellers: this one's for you. Running an FSBO Open House That Produces Offers — honest answers, real Maryland/Virginia/DC numbers, no fluff. Read it free: https://www.parlevugloballlc.com/blog-fsbo-open-house.html #FSBO #ForSaleByOwner #MarylandRealEstate #BaltimoreHomes #SellYourHouse #DMVRealEstate",https://www.parlevugloballlc.com/blog-fsbo-open-house.html,Scheduled 2026-10-03
361,"Craigslist, Nextdoor & Neighborhood Groups: Hidden Buyer Pools",DC,"💡 Selling by owner in the DMV? Craigslist, Nextdoor & Neighborhood Groups: Hidden Buyer Pools — honest answers, real Maryland/Virginia/DC numbers, no fluff. Read it free: https://www.parlevugloballlc.com/blog-fsbo-craigslist-nextdoor.html #FSBO #ForSaleByOwner #MarylandRealEstate #BaltimoreHomes #SellYourHouse #DMVRealEstate",https://www.parlevugloballlc.com/blog-fsbo-craigslist-nextdoor.html,Scheduled 2026-10-04
362,Phone-Shot Video Walkthroughs That Double Inquiries,MD,"💡 No agent? No problem — if you know the rules. Phone-Shot Video Walkthroughs That Double Inquiries — honest answers, real Maryland/Virginia/DC numbers, no fluff. Read it free: https://www.parlevugloballlc.com/blog-fsbo-video-walkthrough.html #FSBO #ForSaleByOwner #MarylandRealEstate #BaltimoreHomes #SellYourHouse #DMVRealEstate",https://www.parlevugloballlc.com/blog-fsbo-video-walkthrough.html,Scheduled 2026-10-05
363,Curb Appeal on a $200 Budget,MD,"💡 Before you plant that FSBO sign, read this. Curb Appeal on a $200 Budget — honest answers, real Maryland/Virginia/DC numbers, no fluff. Read it free: https://www.parlevugloballlc.com/blog-fsbo-curb-appeal-budget.html #FSBO #ForSaleByOwner #MarylandRealEstate #BaltimoreHomes #SellYourHouse #DMVRealEstate",https://www.parlevugloballlc.com/blog-fsbo-curb-appeal-budget.html,Scheduled 2026-10-06
364,Screening Buyers: Pre-Approval Letters & Proof of Funds,VA,"💡 Thinking of selling your home yourself? Screening Buyers: Pre-Approval Letters & Proof of Funds — honest answers, real Maryland/Virginia/DC numbers, no fluff. Read it free: https://www.parlevugloballlc.com/blog-fsbo-buyer-screening.html #FSBO #ForSaleByOwner #MarylandRealEstate #BaltimoreHomes #SellYourHouse #DMVRealEstate",https://www.parlevugloballlc.com/blog-fsbo-buyer-screening.html,Scheduled 2026-10-07
365,Marketing Not Working? Diagnosing a Silent FSBO Listing,DC,"💡 FSBO sellers: this one's for you. Marketing Not Working? Diagnosing a Silent FSBO Listing — honest answers, real Maryland/Virginia/DC numbers, no fluff. Read it free: https://www.parlevugloballlc.com/blog-fsbo-marketing-not-working.html #FSBO #ForSaleByOwner #MarylandRealEstate #BaltimoreHomes #SellYourHouse #DMVRealEstate",https://www.parlevugloballlc.com/blog-fsbo-marketing-not-working.html,Scheduled 2026-10-08
366,"FSBO Stalled? Your Options: Relist, Reduce, or Take a Cash Offer",MD,"📚 NEW GUIDE Selling by owner in the DMV? FSBO Stalled? Your Options: Relist, Reduce, or Take a Cash Offer — honest answers, real Maryland/Virginia/DC numbers, no fluff. Read it free: https://www.parlevugloballlc.com/blog-fsbo-vs-cash-offer-guide.html #FSBO #ForSaleByOwner #MarylandRealEstate #BaltimoreHomes #SellYourHouse #DMVRealEstate",https://www.parlevugloballlc.com/blog-fsbo-vs-cash-offer-guide.html,Scheduled 2026-10-09
367,Why Isn't My FSBO Home Selling? The 6 Usual Suspects,MD,"💡 No agent? No problem — if you know the rules. Why Isn't My FSBO Home Selling? The 6 Usual Suspects — honest answers, real Maryland/Virginia/DC numbers, no fluff. Read it free: https://www.parlevugloballlc.com/blog-fsbo-not-selling-reasons.html #FSBO #ForSaleByOwner #MarylandRealEstate #BaltimoreHomes #SellYourHouse #DMVRealEstate",https://www.parlevugloballlc.com/blog-fsbo-not-selling-reasons.html,Scheduled 2026-10-10
368,FSBO Didn't Work — What Are Your Next Moves?,VA,"💡 Before you plant that FSBO sign, read this. FSBO Didn't Work — What Are Your Next Moves? — honest answers, real Maryland/Virginia/DC numbers, no fluff. Read it free: https://www.parlevugloballlc.com/blog-fsbo-expired-what-next.html #FSBO #ForSaleByOwner #MarylandRealEstate #BaltimoreHomes #SellYourHouse #DMVRealEstate",https://www.parlevugloballlc.com/blog-fsbo-expired-what-next.html,Scheduled 2026-10-11
369,FSBO Timeline vs. Cash Sale Timeline: 55 Days vs. 7,DC,"💡 Thinking of selling your home yourself? FSBO Timeline vs. Cash Sale Timeline: 55 Days vs. 7 — honest answers, real Maryland/Virginia/DC numbers, no fluff. Read it free: https://www.parlevugloballlc.com/blog-fsbo-vs-cash-timeline.html #FSBO #ForSaleByOwner #MarylandRealEstate #BaltimoreHomes #SellYourHouse #DMVRealEstate",https://www.parlevugloballlc.com/blog-fsbo-vs-cash-timeline.html,Scheduled 2026-10-12
370,Handling Lowball Offers Without Losing the Buyer,MD,"💡 FSBO sellers: this one's for you. Handling Lowball Offers Without Losing the Buyer — honest answers, real Maryland/Virginia/DC numbers, no fluff. Read it free: https://www.parlevugloballlc.com/blog-fsbo-lowball-offers.html #FSBO #ForSaleByOwner #MarylandRealEstate #BaltimoreHomes #SellYourHouse #DMVRealEstate",https://www.parlevugloballlc.com/blog-fsbo-lowball-offers.html,Scheduled 2026-10-13
371,Your Buyer Backed Out: Recovering When the Deal Falls Through,MD,"💡 Selling by owner in the DMV? Your Buyer Backed Out: Recovering When the Deal Falls Through — honest answers, real Maryland/Virginia/DC numbers, no fluff. Read it free: https://www.parlevugloballlc.com/blog-fsbo-deal-fell-through.html #FSBO #ForSaleByOwner #MarylandRealEstate #BaltimoreHomes #SellYourHouse #DMVRealEstate",https://www.parlevugloballlc.com/blog-fsbo-deal-fell-through.html,Scheduled 2026-10-14
372,The Hidden Cost of Waiting: Carrying Costs Month by Month,VA,"💡 No agent? No problem — if you know the rules. The Hidden Cost of Waiting: Carrying Costs Month by Month — honest answers, real Maryland/Virginia/DC numbers, no fluff. Read it free: https://www.parlevugloballlc.com/blog-fsbo-carrying-costs.html #FSBO #ForSaleByOwner #MarylandRealEstate #BaltimoreHomes #SellYourHouse #DMVRealEstate",https://www.parlevugloballlc.com/blog-fsbo-carrying-costs.html,Scheduled 2026-10-15
373,How to Tell a Legit Cash Buyer From a Wholesaler,DC,"💡 Before you plant that FSBO sign, read this. How to Tell a Legit Cash Buyer From a Wholesaler — honest answers, real Maryland/Virginia/DC numbers, no fluff. Read it free: https://www.parlevugloballlc.com/blog-fsbo-cash-offer-legit.html #FSBO #ForSaleByOwner #MarylandRealEstate #BaltimoreHomes #SellYourHouse #DMVRealEstate",https://www.parlevugloballlc.com/blog-fsbo-cash-offer-legit.html,Scheduled 2026-10-16
374,The Hybrid Exit: Keep Your Listing Live While Getting a Cash Backup Offer,MD,"💡 Thinking of selling your home yourself? The Hybrid Exit: Keep Your Listing Live While Getting a Cash Backup Offer — honest answers, real Maryland/Virginia/DC numbers, no fluff. Read it free: https://www.parlevugloballlc.com/blog-fsbo-hybrid-exit.html #FSBO #ForSaleByOwner #MarylandRealEstate #BaltimoreHomes #SellYourHouse #DMVRealEstate",https://www.parlevugloballlc.com/blog-fsbo-hybrid-exit.html,Scheduled 2026-10-17
375,The Real FSBO Timeline: From Decision to Closing Day,MD,"📚 NEW GUIDE FSBO sellers: this one's for you. The Real FSBO Timeline: From Decision to Closing Day — honest answers, real Maryland/Virginia/DC numbers, no fluff. Read it free: https://www.parlevugloballlc.com/blog-fsbo-timeline-guide.html #FSBO #ForSaleByOwner #MarylandRealEstate #BaltimoreHomes #SellYourHouse #DMVRealEstate",https://www.parlevugloballlc.com/blog-fsbo-timeline-guide.html,Scheduled 2026-10-18
376,"Your FSBO Sale, Week by Week",VA,"💡 Selling by owner in the DMV? Your FSBO Sale, Week by Week — honest answers, real Maryland/Virginia/DC numbers, no fluff. Read it free: https://www.parlevugloballlc.com/blog-fsbo-timeline-week-by-week.html #FSBO #ForSaleByOwner #MarylandRealEstate #BaltimoreHomes #SellYourHouse #DMVRealEstate",https://www.parlevugloballlc.com/blog-fsbo-timeline-week-by-week.html,Scheduled 2026-10-19
377,The 2 Weeks Before You List: Prep That Pays,DC,"💡 No agent? No problem — if you know the rules. The 2 Weeks Before You List: Prep That Pays — honest answers, real Maryland/Virginia/DC numbers, no fluff. Read it free: https://www.parlevugloballlc.com/blog-fsbo-prep-before-listing.html #FSBO #ForSaleByOwner #MarylandRealEstate #BaltimoreHomes #SellYourHouse #DMVRealEstate",https://www.parlevugloballlc.com/blog-fsbo-prep-before-listing.html,Scheduled 2026-10-20
378,"The Best Month to Sell in Maryland, Virginia & DC (Data)",MD,"💡 Before you plant that FSBO sign, read this. The Best Month to Sell in Maryland, Virginia & DC (Data) — honest answers, real Maryland/Virginia/DC numbers, no fluff. Read it free: https://www.parlevugloballlc.com/blog-fsbo-best-time-sell-dmv.html #FSBO #ForSaleByOwner #MarylandRealEstate #BaltimoreHomes #SellYourHouse #DMVRealEstate",https://www.parlevugloballlc.com/blog-fsbo-best-time-sell-dmv.html,Scheduled 2026-10-21
379,Under Contract to Closing: The 30-45 Days Nobody Explains,MD,"💡 Thinking of selling your home yourself? Under Contract to Closing: The 30-45 Days Nobody Explains — honest answers, real Maryland/Virginia/DC numbers, no fluff. Read it free: https://www.parlevugloballlc.com/blog-fsbo-under-contract-to-close.html #FSBO #ForSaleByOwner #MarylandRealEstate #BaltimoreHomes #SellYourHouse #DMVRealEstate",https://www.parlevugloballlc.com/blog-fsbo-under-contract-to-close.html,Scheduled 2026-10-22
380,Need to Sell in 7 Days? What's Actually Possible,VA,"💡 FSBO sellers: this one's for you. Need to Sell in 7 Days? What's Actually Possible — honest answers, real Maryland/Virginia/DC numbers, no fluff. Read it free: https://www.parlevugloballlc.com/blog-fsbo-sell-in-7-days.html #FSBO #ForSaleByOwner #MarylandRealEstate #BaltimoreHomes #SellYourHouse #DMVRealEstate",https://www.parlevugloballlc.com/blog-fsbo-sell-in-7-days.html,Scheduled 2026-10-23
381,The 30-Day Sale: A Realistic Sprint Plan,DC,"💡 Selling by owner in the DMV? The 30-Day Sale: A Realistic Sprint Plan — honest answers, real Maryland/Virginia/DC numbers, no fluff. Read it free: https://www.parlevugloballlc.com/blog-fsbo-sell-in-30-days.html #FSBO #ForSaleByOwner #MarylandRealEstate #BaltimoreHomes #SellYourHouse #DMVRealEstate",https://www.parlevugloballlc.com/blog-fsbo-sell-in-30-days.html,Scheduled 2026-10-24
382,Coordinating Your Move With an Uncertain Closing Date,MD,"💡 No agent? No problem — if you know the rules. Coordinating Your Move With an Uncertain Closing Date — honest answers, real Maryland/Virginia/DC numbers, no fluff. Read it free: https://www.parlevugloballlc.com/blog-fsbo-moving-coordination.html #FSBO #ForSaleByOwner #MarylandRealEstate #BaltimoreHomes #SellYourHouse #DMVRealEstate",https://www.parlevugloballlc.com/blog-fsbo-moving-coordination.html,Scheduled 2026-10-25
383,Selling By Owner on a Relocation Deadline,MD,"💡 Before you plant that FSBO sign, read this. Selling By Owner on a Relocation Deadline — honest answers, real Maryland/Virginia/DC numbers, no fluff. Read it free: https://www.parlevugloballlc.com/blog-fsbo-relocation-deadline.html #FSBO #ForSaleByOwner #MarylandRealEstate #BaltimoreHomes #SellYourHouse #DMVRealEstate",https://www.parlevugloballlc.com/blog-fsbo-relocation-deadline.html,Scheduled 2026-10-26
